{"count":1,"self":378.6886144,"total":909.06819669999993,"children":{"InitializeActuators":{"count":120,"self":0.0019935,"total":0.0019935,"children":null},"InitializeSensors":{"count":120,"self":0.0029925999999999998,"total":0.0029925999999999998,"children":null},"AgentSendState":{"count":114233,"self":58.301395199999995,"total":69.40015,"children":{"CollectObservations":{"count":324924,"self":0.532395,"total":0.532395,"children":null},"WriteActionMask":{"count":324924,"self":0.50266139999999992,"total":0.50266139999999992,"children":null},"RequestDecision":{"count":324924,"self":1.4393949,"total":10.0637011,"children":{"AgentInfo.ToProto":{"count":324924,"self":1.6330649,"total":8.6243062,"children":{"GenerateSensorData":{"count":324924,"self":6.0320976,"total":6.9912412999999995,"children":{"RayPerceptionSensor.Perceive":{"count":324924,"self":0.95914369999999993,"total":0.95914369999999993,"children":null}}}}}}}}},"DecideAction":{"count":114233,"self":457.217536,"total":457.2175157,"children":null},"AgentAct":{"count":114233,"self":1.8453076,"total":1.8453076,"children":null},"AgentInfo.ToProto":{"count":51776,"self":0.4288203,"total":1.9106368999999999,"children":{"GenerateSensorData":{"count":51776,"self":1.2805997,"total":1.4818166,"children":{"RayPerceptionSensor.Perceive":{"count":51776,"self":0.2012169,"total":0.2012169,"children":null}}}}}},"gauges":{"Sheeps.CumulativeReward":{"count":51692,"max":5.99969959,"min":-49.0048752,"runningAverage":-0.258842647,"value":-0.000299999985,"weightedAverage":-1.45478952}},"metadata":{"timer_format_version":"0.1.0","start_time_seconds":"1657573641","unity_version":"2020.3.30f1","command_line_arguments":"D:\\ISEL\\Unity\\2020.3.30f1\\Editor\\Unity.exe -projectpath D:\\GitHub\\IAV-FINAL\\IAV_FINAL -useHub -hubIPC -cloudEnvironment production -licensingIpc LicenseClient-pncdi -hubSessionId f7b36610-0134-11ed-8678-6fc3251803ec -accessToken 9C5-vM_m7mdxYYrK-Q6KYgsQ0_59kyaoB4fQCu6xoRI006f","communication_protocol_version":"1.5.0","com.unity.ml-agents_version":"2.0.1","scene_name":"Aulas","end_time_seconds":"1657574550"}}