{"count":1,"self":15.975315199999999,"total":16.5777297,"children":{"InitializeActuators":{"count":4,"self":0.0019947999999999997,"total":0.0019947999999999997,"children":null},"InitializeSensors":{"count":4,"self":0.0019963,"total":0.0019963,"children":null},"AgentSendState":{"count":565,"self":0.036829299999999995,"total":0.0537532,"children":{"CollectObservations":{"count":435,"self":0.00099549999999999986,"total":0.00099549999999999986,"children":null},"WriteActionMask":{"count":435,"self":0.000996,"total":0.000996,"children":null},"RequestDecision":{"count":435,"self":0.0149324,"total":0.0149324,"children":null}}},"DecideAction":{"count":565,"self":0.5297963,"total":0.5337394,"children":{"RayPerceptionSensor.Perceive":{"count":435,"self":0.0039431,"total":0.0039431,"children":null}}},"AgentAct":{"count":565,"self":0.0089369999999999988,"total":0.0089369999999999988,"children":null}},"gauges":{"Wolfs.CumulativeReward":{"count":109,"max":0,"min":-0.0009999999,"runningAverage":-0.000179816576,"value":-0.0002,"weightedAverage":-0.000147971921},"Sheeps.CumulativeReward":{"count":86,"max":-0.0001,"min":-0.0009999999,"runningAverage":-0.000237209286,"value":-0.0004,"weightedAverage":-0.000311070937}},"metadata":{"timer_format_version":"0.1.0","start_time_seconds":"1656211025","unity_version":"2020.3.2f1","command_line_arguments":"C:\\Program Files\\Unity\\Hub\\Editor\\2020.3.2f1\\Editor\\Unity.exe -projectpath C:\/Users\/migue\/Desktop\/github\/IAV-FINAL\/IAV_FINAL -useHub -hubIPC -cloudEnvironment production -hubSessionId 95e09710-f242-11ec-8075-5534fd3a3cb5 -accessToken cK_gcLWwtMWweHO3j88wcWXKU4xreM7ZycomqFaOw_4006f","communication_protocol_version":"1.5.0","com.unity.ml-agents_version":"2.0.1","scene_name":"Aulas","end_time_seconds":"1656211042"}}