{"count":1,"self":212.087552,"total":232.1527817,"children":{"InitializeActuators":{"count":124,"self":0.0010337999999999999,"total":0.0010337999999999999,"children":null},"InitializeSensors":{"count":124,"self":0.0039884,"total":0.0039884,"children":null},"AgentSendState":{"count":11225,"self":8.1328047999999988,"total":8.5695009999999989,"children":{"CollectObservations":{"count":75447,"self":0.1477161,"total":0.1477161,"children":null},"WriteActionMask":{"count":75447,"self":0.1148867,"total":0.1148867,"children":null},"RequestDecision":{"count":75447,"self":0.17409329999999998,"total":0.17409329999999998,"children":null}}},"DecideAction":{"count":11225,"self":10.7552816,"total":11.0881783,"children":{"RayPerceptionSensor.Perceive":{"count":75447,"self":0.3328964,"total":0.3328964,"children":null}}},"AgentAct":{"count":11225,"self":0.3995343,"total":0.3995343,"children":null}},"gauges":{"Sheeps.CumulativeReward":{"count":10907,"max":0,"min":-0.00269999984,"runningAverage":-0.000236921216,"value":-0.000299999985,"weightedAverage":-0.00020063993},"Wolfs.CumulativeReward":{"count":50,"max":1.99709952,"min":0.8643983,"runningAverage":0.9933998,"value":0.8643983,"weightedAverage":0.9368592}},"metadata":{"timer_format_version":"0.1.0","start_time_seconds":"1657477461","unity_version":"2020.3.30f1","command_line_arguments":"D:\\ISEL\\Unity\\2020.3.30f1\\Editor\\Unity.exe -projectpath D:\\GitHub\\IAV-FINAL\\IAV_FINAL -useHub -hubIPC -cloudEnvironment production -licensingIpc LicenseClient-pncdi -hubSessionId 6b5d41b0-0079-11ed-8a38-21d7da51aefa -accessToken xDScmEapoLW4-uWreB5ArLaPDUkPgzezmewoYISGJ2Y006f","communication_protocol_version":"1.5.0","com.unity.ml-agents_version":"2.0.1","scene_name":"Aulas","end_time_seconds":"1657477693"}}