{"count":1,"self":48.9035744,"total":52.6889976,"children":{"InitializeActuators":{"count":55,"self":0.0019898999999999997,"total":0.0019898999999999997,"children":null},"InitializeSensors":{"count":55,"self":0.0029916,"total":0.0029916,"children":null},"AgentSendState":{"count":2384,"self":1.4216434,"total":1.5233583,"children":{"CollectObservations":{"count":14804,"self":0.026039999999999997,"total":0.026039999999999997,"children":null},"WriteActionMask":{"count":14804,"self":0.023813499999999998,"total":0.023813499999999998,"children":null},"RequestDecision":{"count":14804,"self":0.051861399999999995,"total":0.051861399999999995,"children":null}}},"DecideAction":{"count":2384,"self":2.1424854,"total":2.189348,"children":{"RayPerceptionSensor.Perceive":{"count":14804,"self":0.0468626,"total":0.0468626,"children":null}}},"AgentAct":{"count":2384,"self":0.0667374,"total":0.0667374,"children":null}},"gauges":{"Sheeps.CumulativeReward":{"count":2916,"max":0,"min":-0.00209999946,"runningAverage":-0.0002614204,"value":-0.0001,"weightedAverage":-0.0002734631},"Wolfs.CumulativeReward":{"count":16,"max":1,"min":0.970800042,"runningAverage":0.9937438,"value":0.970800042,"weightedAverage":0.9835068}},"metadata":{"timer_format_version":"0.1.0","start_time_seconds":"1657466340","unity_version":"2020.3.30f1","command_line_arguments":"D:\\ISEL\\Unity\\2020.3.30f1\\Editor\\Unity.exe -projectpath D:\\GitHub\\IAV-FINAL\\IAV_FINAL -useHub -hubIPC -cloudEnvironment production -licensingIpc LicenseClient-pncdi -hubSessionId ef91c620-005d-11ed-8495-1d444f587233 -accessToken BM0Os_17jBuwxOizvf7641zZrDLtqgHYhH91WeLhFqI006f","communication_protocol_version":"1.5.0","com.unity.ml-agents_version":"2.0.1","scene_name":"Aulas","end_time_seconds":"1657466393"}}