{"count":1,"self":49.8706112,"total":52.4354759,"children":{"InitializeActuators":{"count":3,"self":0.0019887999999999998,"total":0.0019887999999999998,"children":null},"InitializeSensors":{"count":3,"self":0.0039914999999999994,"total":0.0039914999999999994,"children":null},"AgentSendState":{"count":2364,"self":0.2773641,"total":0.32340599999999997,"children":{"CollectObservations":{"count":1083,"self":0.0071055,"total":0.0071055,"children":null},"WriteActionMask":{"count":1083,"self":0.0059984,"total":0.0059984,"children":null},"RequestDecision":{"count":1083,"self":0.032937999999999995,"total":0.032937999999999995,"children":null}}},"DecideAction":{"count":2364,"self":2.1816796,"total":2.195491,"children":{"RayPerceptionSensor.Perceive":{"count":1083,"self":0.013811299999999999,"total":0.013811299999999999,"children":null}}},"AgentAct":{"count":2364,"self":0.0379943,"total":0.0379943,"children":null}},"gauges":{"Sheeps.CumulativeReward":{"count":273,"max":0.9999,"min":-0.00109999988,"runningAverage":0.0180670321,"value":-0.0001,"weightedAverage":0.000456289534},"Wolfs.CumulativeReward":{"count":150,"max":-0.0001,"min":-0.00109999988,"runningAverage":-0.000263999973,"value":-0.0001,"weightedAverage":-0.000240579189}},"metadata":{"timer_format_version":"0.1.0","start_time_seconds":"1656351146","unity_version":"2020.3.30f1","command_line_arguments":"D:\\ISEL\\Unity\\2020.3.30f1\\Editor\\Unity.exe -projectpath D:\\GitHub\\IAV-FINAL\\IAV_FINAL -useHub -hubIPC -cloudEnvironment production -licensingIpc LicenseClient-pncdi -hubSessionId 03a40000-f632-11ec-ac4b-c75f5f59ac54 -accessToken Oe24zLJU-xTU9tOxmNPk1fojeKeZ-n3p-F3UM1YgotA006f","communication_protocol_version":"1.5.0","com.unity.ml-agents_version":"2.0.1","scene_name":"Aulas","end_time_seconds":"1656351199"}}